{"all_orgs": {"count": 403, "total_ml_consensus": 17205, "mean_ml_consensus": 42.69230769230769, "median_ml_consensus": 0.0, "mean_uncertainty_factor": 3.632339483476847, "outlier_count": 139, "mean_ml_share": 0.039251247512616376, "median_ml_share": 0.0}, "orgs_ML": {"count": 130, "total_ml_consensus": 17132, "mean_ml_consensus": 131.7846153846154, "median_ml_consensus": 7.0, "mean_uncertainty_factor": 7.4862491416849215, "outlier_count": 100, "mean_ml_share": 0.06437828945399114, "median_ml_share": 0.0332183908045977}, "orgs_enterprise_500ml_0p5pct": {"count": 5, "total_ml_consensus": 12600, "mean_ml_consensus": 2520.0, "median_ml_consensus": 2300.0, "mean_uncertainty_factor": 9.796218179591484, "outlier_count": 5, "mean_ml_share": 0.0059996725007150035, "median_ml_share": 0.0057692307692307696}, "orgs_midscale_50ml_1pct": {"count": 9, "total_ml_consensus": 1006, "mean_ml_consensus": 111.77777777777777, "median_ml_consensus": 83.0, "mean_uncertainty_factor": 4.184911876289103, "outlier_count": 6, "mean_ml_share": 0.08431698240797661, "median_ml_share": 0.05384615384615385}, "orgs_boutique_10ml_5pct": {"count": 23, "total_ml_consensus": 513, "mean_ml_consensus": 22.304347826086957, "median_ml_consensus": 19.0, "mean_uncertainty_factor": 5.983574770873164, "outlier_count": 15, "mean_ml_share": 0.14160268078963387, "median_ml_share": 0.1044776119402985}}